<?xml version="1.0" encoding="UTF-8"?>
<project-private xmlns="http://www.netbeans.org/ns/project-private/1">
    <editor-bookmarks xmlns="http://www.netbeans.org/ns/editor-bookmarks/2" lastBookmarkId="0"/>
    <open-files xmlns="http://www.netbeans.org/ns/projectui-open-files/2">
        <group>
            <file>file:/home/juse/Escritorio/Universidad/DSD/Practicas/DSD/Practica%203.2/ServidorReplicado/src/Donacion.java</file>
            <file>file:/home/juse/Escritorio/Universidad/DSD/Practicas/DSD/Practica%203.2/ServidorReplicado/src/Donacion_I.java</file>
            <file>file:/home/juse/Escritorio/Universidad/DSD/Practicas/DSD/Practica%203.2/ServidorReplicado/src/Servidor2.java</file>
            <file>file:/home/juse/Escritorio/Universidad/DSD/Practicas/DSD/Practica%203.2/ServidorReplicado/src/Cliente.java</file>
            <file>file:/home/juse/Escritorio/Universidad/DSD/Practicas/DSD/Practica%203.2/ServidorReplicado/src/Servidor1.java</file>
            <file>file:/home/juse/Escritorio/Universidad/DSD/Practicas/DSD/Practica%203.2/ServidorReplicado/src/DonacionReplicada.java</file>
        </group>
    </open-files>
</project-private>
