<?xml version="1.0" encoding="UTF-8"?>
<project-private xmlns="http://www.netbeans.org/ns/project-private/1">
    <editor-bookmarks xmlns="http://www.netbeans.org/ns/editor-bookmarks/2" lastBookmarkId="0"/>
    <open-files xmlns="http://www.netbeans.org/ns/projectui-open-files/2">
        <group>
            <file>file:/home/juse/Escritorio/Universidad/DSD/Practicas/DSD/Practica%202.2/gen-java/src/gen/java/Calculadora.java</file>
            <file>file:/home/juse/Escritorio/Universidad/DSD/Practicas/DSD/Practica%202.2/gen-java/src/gen/java/Cliente.java</file>
            <file>file:/home/juse/Escritorio/Universidad/DSD/Practicas/DSD/Practica%202.2/gen-java/src/gen/java/funcion.java</file>
        </group>
    </open-files>
</project-private>
